{
  "music.menu": {
    "sounds": [
      {
        "name": "joy:music/menu/joy",
        "stream": true
      }
    ]
  },
  "music.game": {
    "sounds": [
      {
        "name": "joy:music/game/melancolie",
        "stream": true
      },
      {
        "name": "joy:music/game/douglas",
        "stream": true
      },
      {
        "name": "joy:music/game/regina",
        "stream": true
      }
    ]
  },
  "music.creative": {
    "sounds": [
      {
        "name": "joy:music/game/creative/reminiscence",
        "stream": true
      }
    ]
  }
}