{
  "variants": {
    "": [
      {
        "model": "minecraft:block/potted_allium",
        "weight": 1000
      },
      {
        "model": "minecraft:block/potted_allium_trans_1",
        "weight": 30
      },
      {
        "model": "minecraft:block/potted_allium_trans_2",
        "weight": 30
      },
      {
        "model": "minecraft:block/potted_allium_trans_3",
        "weight": 30
      },
      {
        "model": "minecraft:block/potted_allium_trans_4",
        "weight": 1
      }
    ]
  }
}